Locality,Locality with Morris,Territory,latitude,longitude,Rb,Sr,Y,Zr,Nb,sample,Data Source
Sts'ailes - West Shore,Sts'ailes - West Shore,Sts'ailes,49.31509101,-121.805948,30,153,15,78,8,2020-130a,GeoArchaeo
Sts'ailes - West Shore,Sts'ailes - West Shore,Sts'ailes,49.31509101,-121.805948,32,161,15,88,6,2020-130a,GeoArchaeo
Sts'ailes - West Shore,Sts'ailes - West Shore,Sts'ailes,49.31509101,-121.805948,30,170,16,86,9,2020-130a,GeoArchaeo
Sts'ailes - West Shore,Sts'ailes - West Shore,Sts'ailes,49.31509101,-121.805948,29,172,13,82,6,2020-130a,GeoArchaeo
Sts'ailes - West Shore,Sts'ailes - West Shore,Sts'ailes,49.31509101,-121.805948,48,198,17,96,9,2020-130b,GeoArchaeo
Sts'ailes - West Shore,Sts'ailes - West Shore,Sts'ailes,49.31509101,-121.805948,51,198,17,95,4,2020-130b,GeoArchaeo
Sts'ailes - West Shore,Sts'ailes - West Shore,Sts'ailes,49.31509101,-121.805948,48,195,18,99,9,2020-130b,GeoArchaeo
Sts'ailes - West Shore,Sts'ailes - West Shore,Sts'ailes,49.31509101,-121.805948,71,281,26,161,11,2020-130c,GeoArchaeo
Sts'ailes - West Shore,Sts'ailes - West Shore,Sts'ailes,49.31509101,-121.805948,84,292,33,206,11,2020-130c,GeoArchaeo
Sts'ailes - West Shore,Sts'ailes - West Shore,Sts'ailes,49.31509101,-121.805948,87,311,34,220,16,2020-130c,GeoArchaeo
Sts'ailes - West Shore,Sts'ailes - West Shore,Sts'ailes,49.31509101,-121.805948,73,282,26,168,10,2020-130d,GeoArchaeo
Sts'ailes - West Shore,Sts'ailes - West Shore,Sts'ailes,49.31509101,-121.805948,73,288,26,165,8,2020-130d,GeoArchaeo
Sts'ailes - West Shore,Sts'ailes - West Shore,Sts'ailes,49.31509101,-121.805948,73,285,27,165,11,2020-130d,GeoArchaeo
Sts'ailes - West Shore,Sts'ailes - West Shore,Sts'ailes,49.31509101,-121.805948,69,285,23,146,8,2020-130e,GeoArchaeo
Sts'ailes - West Shore,Sts'ailes - West Shore,Sts'ailes,49.31509101,-121.805948,83,323,29,174,8,2020-130e,GeoArchaeo
Sts'ailes - West Shore,Sts'ailes - West Shore,Sts'ailes,49.31509101,-121.805948,86,335,28,177,8,2020-130e,GeoArchaeo
Sts'ailes - West Shore,Sts'ailes - West Shore,Sts'ailes,49.31509101,-121.805948,43,219,16,99,7,2020-130x,GeoArchaeo
Sts'ailes - West Shore,Sts'ailes - West Shore,Sts'ailes,49.31509101,-121.805948,42,227,16,97,8,2020-130x,GeoArchaeo
Sts'ailes - West Shore,Sts'ailes - West Shore,Sts'ailes,49.31509101,-121.805948,40,247,15,99,3,2020-130x,GeoArchaeo
Sts'ailes - West Shore,Sts'ailes - West Shore,Sts'ailes,49.31440897,-121.80562,45,190,18,94,7,2020-132a,GeoArchaeo
Sts'ailes - West Shore,Sts'ailes - West Shore,Sts'ailes,49.31440897,-121.80562,45,199,19,100,9,2020-132a,GeoArchaeo
Sts'ailes - West Shore,Sts'ailes - West Shore,Sts'ailes,49.31440897,-121.80562,45,193,17,92,8,2020-132a,GeoArchaeo
Sts'ailes - West Shore,Sts'ailes - West Shore,Sts'ailes,49.31440897,-121.80562,45,196,18,96,7,2020-132a,GeoArchaeo
Sts'ailes - West Shore,Sts'ailes - West Shore,Sts'ailes,49.31440897,-121.80562,44,193,20,95,6,2020-132a,GeoArchaeo
Sts'ailes - West Shore,Sts'ailes - West Shore,Sts'ailes,49.31440897,-121.80562,30,359,19,113,6,2020-132b,GeoArchaeo
Sts'ailes - West Shore,Sts'ailes - West Shore,Sts'ailes,49.31440897,-121.80562,29,360,19,118,7,2020-132b,GeoArchaeo
Sts'ailes - West Shore,Sts'ailes - West Shore,Sts'ailes,49.31440897,-121.80562,30,369,17,120,7,2020-132b,GeoArchaeo
Sts'ailes - West Shore,Sts'ailes - West Shore,Sts'ailes,49.31440897,-121.80562,40,195,25,139,13,2020-132c,GeoArchaeo
Sts'ailes - West Shore,Sts'ailes - West Shore,Sts'ailes,49.31440897,-121.80562,41,213,27,162,15,2020-132c,GeoArchaeo
Sts'ailes - West Shore,Sts'ailes - West Shore,Sts'ailes,49.31440897,-121.80562,44,238,29,177,12,2020-132c,GeoArchaeo
Sts'ailes - West Shore,Sts'ailes - West Shore,Sts'ailes,49.31440897,-121.80562,36,240,15,94,9,2020-132d,GeoArchaeo
Sts'ailes - West Shore,Sts'ailes - West Shore,Sts'ailes,49.31440897,-121.80562,36,260,17,105,7,2020-132d,GeoArchaeo
Sts'ailes - West Shore,Sts'ailes - West Shore,Sts'ailes,49.31440897,-121.80562,37,269,16,111,6,2020-132d,GeoArchaeo
Sts'ailes - West Shore,Sts'ailes - West Shore,Sts'ailes,49.31440897,-121.80562,44,282,12,85,4,2020-132e,GeoArchaeo
Sts'ailes - West Shore,Sts'ailes - West Shore,Sts'ailes,49.31440897,-121.80562,44,290,15,84,5,2020-132e,GeoArchaeo
Sts'ailes - West Shore,Sts'ailes - West Shore,Sts'ailes,49.31440897,-121.80562,52,326,18,89,8,2020-132e,GeoArchaeo
Sts'ailes - Echo,Sts'ailes - Echo,Sts'ailes,49.34033403,-121.774599,31,476,46,110,6,GEOL-15-2020-14a,GeoArchaeo
Sts'ailes - Echo,Sts'ailes - Echo,Sts'ailes,49.34033403,-121.774599,31,475,47,115,8,GEOL-15-2020-14a,GeoArchaeo
Sts'ailes - Echo,Sts'ailes - Echo,Sts'ailes,49.34033403,-121.774599,32,473,47,112,7,GEOL-15-2020-14a,GeoArchaeo
Sts'ailes - Echo,Sts'ailes - Echo,Sts'ailes,49.34033403,-121.774599,29,484,40,103,2,GEOL-15-2020-14b,GeoArchaeo
Sts'ailes - Echo,Sts'ailes - Echo,Sts'ailes,49.34033403,-121.774599,27,492,41,101,4,GEOL-15-2020-14b,GeoArchaeo
Sts'ailes - Echo,Sts'ailes - Echo,Sts'ailes,49.34033403,-121.774599,29,553,53,137,6,GEOL-15-2020-14b,GeoArchaeo
Sts'ailes - Echo,Sts'ailes - Echo,Sts'ailes,49.34023404,-121.774843,37,602,41,117,5,GEOL-15-2020-52a,GeoArchaeo
Sts'ailes - Echo,Sts'ailes - Echo,Sts'ailes,49.34023404,-121.774843,36,623,43,123,9,GEOL-15-2020-52a,GeoArchaeo
Sts'ailes - Echo,Sts'ailes - Echo,Sts'ailes,49.34023404,-121.774843,35,619,45,121,8,GEOL-15-2020-52a,GeoArchaeo
Sts'ailes - Echo,Sts'ailes - Echo,Sts'ailes,49.34023404,-121.774843,33,606,48,123,8,GEOL-15-2020-52b,GeoArchaeo
Sts'ailes - Echo,Sts'ailes - Echo,Sts'ailes,49.34023404,-121.774843,32,603,48,124,9,GEOL-15-2020-52b,GeoArchaeo
Sts'ailes - Echo,Sts'ailes - Echo,Sts'ailes,49.34023404,-121.774843,36,613,46,125,12,GEOL-15-2020-52b,GeoArchaeo
Sts'ailes - Echo,Sts'ailes - Echo,Sts'ailes,49.34023404,-121.774843,34,598,49,125,10,GEOL-15-2020-52b,GeoArchaeo
Sts'ailes - Echo,Sts'ailes - Echo,Sts'ailes,49.34023404,-121.774843,34,589,43,118,8,GEOL-15-2020-52c,GeoArchaeo
Sts'ailes - Echo,Sts'ailes - Echo,Sts'ailes,49.34023404,-121.774843,33,587,44,119,9,GEOL-15-2020-52c,GeoArchaeo
Sts'ailes - Echo,Sts'ailes - Echo,Sts'ailes,49.34023404,-121.774843,33,607,47,126,7,GEOL-15-2020-52c,GeoArchaeo
Sts'ailes - Echo,Sts'ailes - Echo,Sts'ailes,49.34023404,-121.774843,34,601,45,122,9,GEOL-15-2020-52d,GeoArchaeo
Sts'ailes - Echo,Sts'ailes - Echo,Sts'ailes,49.34023404,-121.774843,34,608,46,117,8,GEOL-15-2020-52d,GeoArchaeo
Sts'ailes - Echo,Sts'ailes - Echo,Sts'ailes,49.34023404,-121.774843,34,608,45,119,10,GEOL-15-2020-52d,GeoArchaeo
Sts'ailes - Echo,Sts'ailes - Echo,Sts'ailes,49.34041902,-121.774895,10,398,44,109,6,GEOL-15-2020-54a,GeoArchaeo
Sts'ailes - Echo,Sts'ailes - Echo,Sts'ailes,49.34041902,-121.774895,11,398,40,108,5,GEOL-15-2020-54a,GeoArchaeo
Sts'ailes - Echo,Sts'ailes - Echo,Sts'ailes,49.34041902,-121.774895,12,414,40,100,8,GEOL-15-2020-54a,GeoArchaeo
Sts'ailes - Echo,Sts'ailes - Echo,Sts'ailes,49.34041902,-121.774895,4,542,28,85,2,GEOL-15-2020-54b,GeoArchaeo
Sts'ailes - Echo,Sts'ailes - Echo,Sts'ailes,49.34041902,-121.774895,5,612,27,83,6,GEOL-15-2020-54b,GeoArchaeo
Sts'ailes - Echo,Sts'ailes - Echo,Sts'ailes,49.34041902,-121.774895,5,603,27,84,4,GEOL-15-2020-54b,GeoArchaeo
Sts'ailes - Echo,Sts'ailes - Echo,Sts'ailes,49.34041902,-121.774895,12,552,29,81,4,GEOL-15-2020-54c,GeoArchaeo
Sts'ailes - Echo,Sts'ailes - Echo,Sts'ailes,49.34041902,-121.774895,12,622,29,92,5,GEOL-15-2020-54c,GeoArchaeo
Sts'ailes - Echo,Sts'ailes - Echo,Sts'ailes,49.34041902,-121.774895,12,617,29,86,6,GEOL-15-2020-54c,GeoArchaeo
Sts'ailes - Echo,Sts'ailes - Echo,Sts'ailes,49.34096301,-121.774779,2,203,33,96,7,GEOL-15-2020-61a,GeoArchaeo
Sts'ailes - Echo,Sts'ailes - Echo,Sts'ailes,49.34096301,-121.774779,2,214,34,97,4,GEOL-15-2020-61a,GeoArchaeo
Sts'ailes - Echo,Sts'ailes - Echo,Sts'ailes,49.34096301,-121.774779,2,217,35,101,4,GEOL-15-2020-61a,GeoArchaeo
Sts'ailes - Echo,Sts'ailes - Echo,Sts'ailes,49.34096301,-121.774779,10,236,35,95,6,GEOL-15-2020-61a,GeoArchaeo
Sts'ailes - Echo,Sts'ailes - Echo,Sts'ailes,49.34096301,-121.774779,10,217,36,95,7,GEOL-15-2020-61b,GeoArchaeo
Sts'ailes - Echo,Sts'ailes - Echo,Sts'ailes,49.34096301,-121.774779,11,221,35,100,6,GEOL-15-2020-61b,GeoArchaeo
Sts'ailes - Echo,Sts'ailes - Echo,Sts'ailes,49.34096301,-121.774779,10,236,34,98,9,GEOL-15-2020-61b,GeoArchaeo
Sts'ailes - Echo,Sts'ailes - Echo,Sts'ailes,49.34096301,-121.774779,2,194,36,97,10,GEOL-15-2020-61c,GeoArchaeo
Sts'ailes - Echo,Sts'ailes - Echo,Sts'ailes,49.34096301,-121.774779,2,196,33,92,6,GEOL-15-2020-61c,GeoArchaeo
Sts'ailes - Echo,Sts'ailes - Echo,Sts'ailes,49.34096301,-121.774779,2,199,34,95,8,GEOL-15-2020-61c,GeoArchaeo
Sts'ailes - Echo,Sts'ailes - Echo,Sts'ailes,49.34098899,-121.774957,16,451,55,137,7,GEOL-15-2020-62a,GeoArchaeo
Sts'ailes - Echo,Sts'ailes - Echo,Sts'ailes,49.34098899,-121.774957,17,457,57,139,7,GEOL-15-2020-62a,GeoArchaeo
Sts'ailes - Echo,Sts'ailes - Echo,Sts'ailes,49.34098899,-121.774957,18,485,52,125,9,GEOL-15-2020-62a,GeoArchaeo
Sts'ailes - Echo,Sts'ailes - Echo,Sts'ailes,49.34098899,-121.774957,12,433,55,141,7,GEOL-15-2020-62b,GeoArchaeo
Sts'ailes - Echo,Sts'ailes - Echo,Sts'ailes,49.34098899,-121.774957,13,430,53,144,11,GEOL-15-2020-62b,GeoArchaeo
Sts'ailes - Echo,Sts'ailes - Echo,Sts'ailes,49.34098899,-121.774957,15,448,52,139,13,GEOL-15-2020-62b,GeoArchaeo
Sts'ailes - Echo,Sts'ailes - Echo,Sts'ailes,49.34098899,-121.774957,20,466,58,140,13,GEOL-15-2020-62c,GeoArchaeo
Sts'ailes - Echo,Sts'ailes - Echo,Sts'ailes,49.34098899,-121.774957,18,460,57,140,8,GEOL-15-2020-62c,GeoArchaeo
Sts'ailes - Echo,Sts'ailes - Echo,Sts'ailes,49.34098899,-121.774957,20,565,54,137,13,GEOL-15-2020-62c,GeoArchaeo
Sts'ailes - Echo,Sts'ailes - Echo,Sts'ailes,49.34233404,-121.775361,2,177,31,92,7,GEOL-15-2020-78a,GeoArchaeo
Sts'ailes - Echo,Sts'ailes - Echo,Sts'ailes,49.34233404,-121.775361,2,178,30,88,6,GEOL-15-2020-78a,GeoArchaeo
Sts'ailes - Echo,Sts'ailes - Echo,Sts'ailes,49.34233404,-121.775361,2,176,29,91,5,GEOL-15-2020-78a,GeoArchaeo
Sts'ailes - Echo,Sts'ailes - Echo,Sts'ailes,49.34233404,-121.775361,2,175,32,93,7,GEOL-15-2020-78c,GeoArchaeo
Sts'ailes - Echo,Sts'ailes - Echo,Sts'ailes,49.34233404,-121.775361,2,170,32,91,5,GEOL-15-2020-78c,GeoArchaeo
Sts'ailes - Echo,Sts'ailes - Echo,Sts'ailes,49.34233404,-121.775361,2,174,30,91,6,GEOL-15-2020-78c,GeoArchaeo
Sts'ailes - Echo,Sts'ailes - Echo,Sts'ailes,49.34233404,-121.775361,2,175,36,97,6,GEOL-15-2020-78d,GeoArchaeo
Sts'ailes - Echo,Sts'ailes - Echo,Sts'ailes,49.34233404,-121.775361,2,181,36,103,8,GEOL-15-2020-78d,GeoArchaeo
Sts'ailes - Echo,Sts'ailes - Echo,Sts'ailes,49.34233404,-121.775361,2,178,36,96,8,GEOL-15-2020-78d,GeoArchaeo
Sts'ailes - West Shore,Sts'ailes - West Shore,Sts'ailes,49.360102,-121.833914,54,30,37,119,5,sts-2020-110a,GeoArchaeo
Sts'ailes - West Shore,Sts'ailes - West Shore,Sts'ailes,49.360102,-121.833914,55,30,34,116,4,sts-2020-110a,GeoArchaeo
Sts'ailes - West Shore,Sts'ailes - West Shore,Sts'ailes,49.360102,-121.833914,54,31,37,117,5,sts-2020-110a,GeoArchaeo
Sts'ailes - West Shore,Sts'ailes - West Shore,Sts'ailes,49.360102,-121.833914,55,33,35,114,6,sts-2020-110a,GeoArchaeo
Sts'ailes - West Shore,Sts'ailes - West Shore,Sts'ailes,49.360102,-121.833914,70,119,20,122,10,sts-2020-110b,GeoArchaeo
Sts'ailes - West Shore,Sts'ailes - West Shore,Sts'ailes,49.360102,-121.833914,60,114,18,117,8,sts-2020-110b,GeoArchaeo
Sts'ailes - West Shore,Sts'ailes - West Shore,Sts'ailes,49.360102,-121.833914,63,111,18,117,6,sts-2020-110b,GeoArchaeo
Sts'ailes - West Shore,Sts'ailes - West Shore,Sts'ailes,49.360102,-121.833914,60,108,19,121,9,sts-2020-110b,GeoArchaeo
Sts'ailes - West Shore,Sts'ailes - West Shore,Sts'ailes,49.360102,-121.833914,59,105,19,122,9,sts-2020-110b,GeoArchaeo
Sts'ailes - West Shore,Sts'ailes - West Shore,Sts'ailes,49.360102,-121.833914,120,31,25,203,17,sts-2020-110c,GeoArchaeo
Sts'ailes - West Shore,Sts'ailes - West Shore,Sts'ailes,49.360102,-121.833914,117,34,25,206,14,sts-2020-110c,GeoArchaeo
Sts'ailes - West Shore,Sts'ailes - West Shore,Sts'ailes,49.360102,-121.833914,119,32,26,209,19,sts-2020-110c,GeoArchaeo
Sts'ailes - West Shore,Sts'ailes - West Shore,Sts'ailes,49.357945,-121.832493,50,68,32,139,2,sts-2020-117a,GeoArchaeo
Sts'ailes - West Shore,Sts'ailes - West Shore,Sts'ailes,49.357945,-121.832493,45,69,32,129,4,sts-2020-117a,GeoArchaeo
Sts'ailes - West Shore,Sts'ailes - West Shore,Sts'ailes,49.357945,-121.832493,40,69,37,129,6,sts-2020-117a,GeoArchaeo
Sts'ailes - West Shore,Sts'ailes - West Shore,Sts'ailes,49.357945,-121.832493,46,64,42,142,6,sts-2020-117b,GeoArchaeo
Sts'ailes - West Shore,Sts'ailes - West Shore,Sts'ailes,49.357945,-121.832493,48,63,50,157,7,sts-2020-117b,GeoArchaeo
Sts'ailes - West Shore,Sts'ailes - West Shore,Sts'ailes,49.357945,-121.832493,48,66,43,146,5,sts-2020-117b,GeoArchaeo
Sts'ailes - West Shore,Sts'ailes - West Shore,Sts'ailes,49.34832802,-121.830327,87,93,27,93,6,sts-2020-119a,GeoArchaeo
Sts'ailes - West Shore,Sts'ailes - West Shore,Sts'ailes,49.34832802,-121.830327,85,94,26,90,5,sts-2020-119a,GeoArchaeo
Sts'ailes - West Shore,Sts'ailes - West Shore,Sts'ailes,49.34832802,-121.830327,90,99,30,91,6,sts-2020-119a,GeoArchaeo
Sts'ailes - West Shore,Sts'ailes - West Shore,Sts'ailes,49.34832802,-121.830327,60,88,26,71,2,sts-2020-119b,GeoArchaeo
Sts'ailes - West Shore,Sts'ailes - West Shore,Sts'ailes,49.34832802,-121.830327,59,88,27,66,2,sts-2020-119b,GeoArchaeo
Sts'ailes - West Shore,Sts'ailes - West Shore,Sts'ailes,49.34832802,-121.830327,58,85,32,71,2,sts-2020-119b,GeoArchaeo
Sts'ailes - West Shore,Sts'ailes - West Shore,Sts'ailes,49.34832802,-121.830327,69,96,33,83,2,sts-2020-119c,GeoArchaeo
Sts'ailes - West Shore,Sts'ailes - West Shore,Sts'ailes,49.34832802,-121.830327,70,95,32,81,2,sts-2020-119c,GeoArchaeo
Sts'ailes - West Shore,Sts'ailes - West Shore,Sts'ailes,49.34832802,-121.830327,67,96,33,78,2,sts-2020-119c,GeoArchaeo
Sts'ailes - West Shore,Sts'ailes - West Shore,Sts'ailes,49.32642904,-121.809368,36,245,22,114,9,sts-2020-125a,GeoArchaeo
Sts'ailes - West Shore,Sts'ailes - West Shore,Sts'ailes,49.32642904,-121.809368,37,245,24,125,9,sts-2020-125a,GeoArchaeo
Sts'ailes - West Shore,Sts'ailes - West Shore,Sts'ailes,49.32642904,-121.809368,37,246,23,125,11,sts-2020-125a,GeoArchaeo
Sts'ailes - West Shore,Sts'ailes - West Shore,Sts'ailes,49.32642904,-121.809368,53,221,29,152,14,sts-2020-125b,GeoArchaeo
Sts'ailes - West Shore,Sts'ailes - West Shore,Sts'ailes,49.32642904,-121.809368,56,220,27,152,17,sts-2020-125b,GeoArchaeo
Sts'ailes - West Shore,Sts'ailes - West Shore,Sts'ailes,49.32642904,-121.809368,31,294,23,79,2,sts-2020-125b,GeoArchaeo
Sts'ailes - West Shore,Sts'ailes - Morris Creek,Sts'ailes,49.30601299,-121.883811,31,386,12,57,2,sts-2020-145a,GeoArchaeo
Sts'ailes - West Shore,Sts'ailes - Morris Creek,Sts'ailes,49.30601299,-121.883811,32,404,11,59,2,sts-2020-145a,GeoArchaeo
Sts'ailes - West Shore,Sts'ailes - Morris Creek,Sts'ailes,49.30601299,-121.883811,31,400,12,59,3,sts-2020-145a,GeoArchaeo
Sts'ailes - West Shore,Sts'ailes - Morris Creek,Sts'ailes,49.30601299,-121.883811,38,180,13,59,2,sts-2020-145b,GeoArchaeo
Sts'ailes - West Shore,Sts'ailes - Morris Creek,Sts'ailes,49.30601299,-121.883811,35,160,14,61,2,sts-2020-145b,GeoArchaeo
Sts'ailes - West Shore,Sts'ailes - Morris Creek,Sts'ailes,49.30601299,-121.883811,35,162,13,63,2,sts-2020-145b,GeoArchaeo
Sts'ailes - West Shore,Sts'ailes - Morris Creek,Sts'ailes,49.30601299,-121.883811,27,137,15,74,7,sts-2020-145b,GeoArchaeo
Sts'ailes - West Shore,Sts'ailes - Morris Creek,Sts'ailes,49.30601299,-121.883811,52,117,14,52,8,sts-2020-145c,GeoArchaeo
Sts'ailes - West Shore,Sts'ailes - Morris Creek,Sts'ailes,49.30601299,-121.883811,51,113,13,48,4,sts-2020-145c,GeoArchaeo
Sts'ailes - West Shore,Sts'ailes - Morris Creek,Sts'ailes,49.30601299,-121.883811,52,115,15,51,7,sts-2020-145c,GeoArchaeo
Arrowstone Hills,Arrowstone Hills,Interior,50.92965,-121.17047,121,415,9,186,12,geol-astoneac,GeoArchaeo
Arrowstone Hills,Arrowstone Hills,Interior,50.92965,-121.17047,121,418,9,189,11,geol-astoneac,GeoArchaeo
Arrowstone Hills,Arrowstone Hills,Interior,50.92965,-121.17047,120,424,9,186,11,geol-astoneac,GeoArchaeo
Arrowstone Hills,Arrowstone Hills,Interior,50.92965,-121.17047,121,429,10,185,9,geol-astonesc,GeoArchaeo
Arrowstone Hills,Arrowstone Hills,Interior,50.92965,-121.17047,120,412,11,181,11,geol-astonesc,GeoArchaeo
Arrowstone Hills,Arrowstone Hills,Interior,50.92965,-121.17047,124,435,9,185,12,geol-astonesc,GeoArchaeo
Arrowstone Hills,Arrowstone Hills,Interior,50.92965,-121.17047,78,625,7,170,7,geol-arrowstone,GeoArchaeo
Arrowstone Hills,Arrowstone Hills,Interior,50.92965,-121.17047,79,618,6,176,8,geol-arrowstone sold,GeoArchaeo
Arrowstone Hills,Arrowstone Hills,Interior,50.92965,-121.17047,78,620,10,161,8,geol-arrowstone sold,GeoArchaeo
Arrowstone Hills,Arrowstone Hills,Interior,50.92965,-121.17047,100,471,11,179,11,geo13,Terra Archaeology
Arrowstone Hills,Arrowstone Hills,Interior,50.92965,-121.17047,93,472,11,172,8,BVR tabular1 geo16,Terra Archaeology
Arrowstone Hills,Arrowstone Hills,Interior,50.92965,-121.17047,89,451,12,167,13,BVR tabular1 geo16,Terra Archaeology
Arrowstone Hills,Arrowstone Hills,Interior,50.92965,-121.17047,83,482,10,177,8,BVR tabular2 geo17,Terra Archaeology
Arrowstone Hills,Arrowstone Hills,Interior,50.92965,-121.17047,105,485,13,183,13,BVR tabular2 geo17,Terra Archaeology
Arrowstone Hills,Arrowstone Hills,Interior,50.92965,-121.17047,123,432,9,197,11,BVR cobble geo18,Terra Archaeology
Arrowstone Hills,Arrowstone Hills,Interior,50.92965,-121.17047,121,430,10,198,10,BVR cobble geo18,Terra Archaeology
Arrowstone Hills,Arrowstone Hills,Interior,50.92965,-121.17047,123,438,10,196,13,BVR cobble geo19,Terra Archaeology
Arrowstone Hills,Arrowstone Hills,Interior,50.92965,-121.17047,124,433,8,194,8,BVR cobble geo19,Terra Archaeology
Arrowstone Hills,Arrowstone Hills,Interior,50.92965,-121.17047,82,572,19,133,10,20181119nod01 geo20,Terra Archaeology
Arrowstone Hills,Arrowstone Hills,Interior,50.92965,-121.17047,81,570,17,128,10,20181119nod01 geo20,Terra Archaeology
Arrowstone Hills,Arrowstone Hills,Interior,50.92965,-121.17047,118,422,9,194,10,bvr cobble lg geo21,Terra Archaeology
Arrowstone Hills,Arrowstone Hills,Interior,50.92965,-121.17047,125,431,12,204,19,bvr cobble lg geo21,Terra Archaeology
Arrowstone Hills,Arrowstone Hills,Interior,50.92965,-121.17047,138.1171,486.7973,16.05148,233.4311,9.131037,SFUAHS Arrowstone 1,Pollock 2018
Arrowstone Hills,Arrowstone Hills,Interior,50.92965,-121.17047,120.7412,497.1557,9.626548,194.8009,6.495916,SFUAHS Arrowstone 10,Pollock 2018
Arrowstone Hills,Arrowstone Hills,Interior,50.92965,-121.17047,127.3842,529.8906,14.61872,201.7843,9.232032,SFUAHS Arrowstone 11,Pollock 2018
Arrowstone Hills,Arrowstone Hills,Interior,50.92965,-121.17047,118.4687,533.4482,11.1498,199.1828,7.429498,SFUAHS Arrowstone 12,Pollock 2018
Arrowstone Hills,Arrowstone Hills,Interior,50.92965,-121.17047,128.937,534.9925,10.80355,197.5887,7.404582,SFUAHS Arrowstone 13,Pollock 2018
Arrowstone Hills,Arrowstone Hills,Interior,50.92965,-121.17047,122.1594,515.0865,10.36843,207.989,8.652245,SFUAHS Arrowstone 14,Pollock 2018
Arrowstone Hills,Arrowstone Hills,Interior,50.92965,-121.17047,111.4257,476.9746,9.604797,185.971,6.912992,SFUAHS Arrowstone 15,Pollock 2018
Arrowstone Hills,Arrowstone Hills,Interior,50.92965,-121.17047,120.1285,512.2824,12.67622,204.6039,6.31114,SFUAHS Arrowstone 16,Pollock 2018
Arrowstone Hills,Arrowstone Hills,Interior,50.92965,-121.17047,126.486,493.6635,11.45863,187.9163,8.577344,SFUAHS Arrowstone 17,Pollock 2018
Arrowstone Hills,Arrowstone Hills,Interior,50.92965,-121.17047,118.1962,575.9398,10.87697,198.9787,8.161178,SFUAHS Arrowstone 18,Pollock 2018
Arrowstone Hills,Arrowstone Hills,Interior,50.92965,-121.17047,125.9416,537.5694,11.43711,203.5983,9.20618,SFUAHS Arrowstone 19,Pollock 2018
Arrowstone Hills,Arrowstone Hills,Interior,50.92965,-121.17047,131.4679,450.7498,16.77887,223.7078,9.115162,SFUAHS Arrowstone 2,Pollock 2018
Arrowstone Hills,Arrowstone Hills,Interior,50.92965,-121.17047,133.0451,542.1045,11.44852,213.6502,6.295864,SFUAHS Arrowstone 20,Pollock 2018
Arrowstone Hills,Arrowstone Hills,Interior,50.92965,-121.17047,133.0451,542.1045,11.44852,213.6502,6.295864,SFUAHS Arrowstone 21,Pollock 2018
Arrowstone Hills,Arrowstone Hills,Interior,50.92965,-121.17047,125.9416,537.5694,11.43711,203.5983,9.20618,SFUAHS Arrowstone 22,Pollock 2018
Arrowstone Hills,Arrowstone Hills,Interior,50.92965,-121.17047,118.1962,575.9398,10.87697,198.9787,8.161178,SFUAHS Arrowstone 23,Pollock 2018
Arrowstone Hills,Arrowstone Hills,Interior,50.92965,-121.17047,126.486,493.6635,11.45863,187.9163,8.577344,SFUAHS Arrowstone 24,Pollock 2018
Arrowstone Hills,Arrowstone Hills,Interior,50.92965,-121.17047,120.1285,512.2824,12.67622,204.6039,6.31114,SFUAHS Arrowstone 25,Pollock 2018
Arrowstone Hills,Arrowstone Hills,Interior,50.92965,-121.17047,111.4257,476.9746,9.604797,185.971,6.912992,SFUAHS Arrowstone 26,Pollock 2018
Arrowstone Hills,Arrowstone Hills,Interior,50.92965,-121.17047,122.1594,515.0865,10.36843,207.989,8.652245,SFUAHS Arrowstone 27,Pollock 2018
Arrowstone Hills,Arrowstone Hills,Interior,50.92965,-121.17047,128.937,534.9925,10.80355,197.5887,7.404582,SFUAHS Arrowstone 28,Pollock 2018
Arrowstone Hills,Arrowstone Hills,Interior,50.92965,-121.17047,118.4687,533.4482,11.1498,199.1828,7.429498,SFUAHS Arrowstone 29,Pollock 2018
Arrowstone Hills,Arrowstone Hills,Interior,50.92965,-121.17047,135.6484,449.5301,12.73233,219.9982,9.267079,SFUAHS Arrowstone 3,Pollock 2018
Arrowstone Hills,Arrowstone Hills,Interior,50.92965,-121.17047,127.3842,529.8906,14.61872,201.7843,9.232032,SFUAHS Arrowstone 30,Pollock 2018
Arrowstone Hills,Arrowstone Hills,Interior,50.92965,-121.17047,120.7412,497.1557,9.626548,194.8009,6.495916,SFUAHS Arrowstone 31,Pollock 2018
Arrowstone Hills,Arrowstone Hills,Interior,50.92965,-121.17047,123.1722,536.0876,11.32446,198.6988,7.092148,SFUAHS Arrowstone 32,Pollock 2018
Arrowstone Hills,Arrowstone Hills,Interior,50.92965,-121.17047,138.1171,486.7973,16.05148,233.4311,9.131037,SFUAHS Arrowstone 33,Pollock 2018
Arrowstone Hills,Arrowstone Hills,Interior,50.92965,-121.17047,131.4679,450.7498,16.77887,223.7078,9.115162,SFUAHS Arrowstone 34,Pollock 2018
Arrowstone Hills,Arrowstone Hills,Interior,50.92965,-121.17047,135.6484,449.5301,12.73233,219.9982,9.267079,SFUAHS Arrowstone 35,Pollock 2018
Arrowstone Hills,Arrowstone Hills,Interior,50.92965,-121.17047,134.3605,442.4866,11.75733,214.9993,9.147401,SFUAHS Arrowstone 36,Pollock 2018
Arrowstone Hills,Arrowstone Hills,Interior,50.92965,-121.17047,140.3271,563.0045,12.65161,212.7241,9.367201,SFUAHS Arrowstone 37,Pollock 2018
Arrowstone Hills,Arrowstone Hills,Interior,50.92965,-121.17047,138.0149,528.284,13.3315,213.4386,7.205037,SFUAHS Arrowstone 38,Pollock 2018
Arrowstone Hills,Arrowstone Hills,Interior,50.92965,-121.17047,136.5721,534.7025,10.90238,217.6227,8.168498,SFUAHS Arrowstone 39,Pollock 2018
Arrowstone Hills,Arrowstone Hills,Interior,50.92965,-121.17047,134.3605,442.4866,11.75733,214.9993,9.147401,SFUAHS Arrowstone 4,Pollock 2018
Arrowstone Hills,Arrowstone Hills,Interior,50.92965,-121.17047,128.7656,524.907,12.20957,213.7628,7.46695,SFUAHS Arrowstone 40,Pollock 2018
Arrowstone Hills,Arrowstone Hills,Interior,50.92965,-121.17047,140.3271,563.0045,12.65161,212.7241,9.367201,SFUAHS Arrowstone 5,Pollock 2018
Arrowstone Hills,Arrowstone Hills,Interior,50.92965,-121.17047,138.0149,528.284,13.3315,213.4386,7.205037,SFUAHS Arrowstone 6,Pollock 2018
Arrowstone Hills,Arrowstone Hills,Interior,50.92965,-121.17047,136.5721,534.7025,10.90238,217.6227,8.168498,SFUAHS Arrowstone 7,Pollock 2018
Arrowstone Hills,Arrowstone Hills,Interior,50.92965,-121.17047,128.7656,524.907,12.20957,213.7628,7.46695,SFUAHS Arrowstone 8,Pollock 2018
Arrowstone Hills,Arrowstone Hills,Interior,50.92965,-121.17047,123.1722,536.0876,11.32446,198.6988,7.092148,SFUAHS Arrowstone 9,Pollock 2018
Arrowstone Hills,Arrowstone Hills,Interior,50.92965,-121.17047,123,384,14,173,8,Arrowstone FGV NWORL,Pollock 2018
Arrowstone Hills,Arrowstone Hills,Interior,50.92965,-121.17047,126,380,11,178,9,Arrowstone FGV NWORL,Pollock 2018
Arrowstone Hills,Arrowstone Hills,Interior,50.92965,-121.17047,124,393,12,177,8,Arrowstone FGV NWORL,Pollock 2018
Arrowstone Hills,Arrowstone Hills,Interior,50.92965,-121.17047,129,409,11,179,8,Arrowstone FGV NWORL,Pollock 2018
Arrowstone Hills,Arrowstone Hills,Interior,50.92965,-121.17047,130,410,11,175,8,Arrowstone FGV NWORL,Pollock 2018
Arrowstone Hills,Arrowstone Hills,Interior,50.92965,-121.17047,125,403,14,172,8,Arrowstone FGV NWORL,Pollock 2018
Arrowstone Hills,Arrowstone Hills,Interior,50.92965,-121.17047,125,437,13,173,10,Arrowstone FGV NWORL,Pollock 2018
Arrowstone Hills,Arrowstone Hills,Interior,50.92965,-121.17047,131,420,10,171,8,Arrowstone FGV NWORL,Pollock 2018
Arrowstone Hills,Arrowstone Hills,Interior,50.92965,-121.17047,119,398,12,176,6,Arrowstone FGV NWORL,Pollock 2018
Arrowstone Hills,Arrowstone Hills,Interior,50.92965,-121.17047,135,431,8,174,9,Arrowstone FGV NWORL,Pollock 2018
Arrowstone Hills,Arrowstone Hills,Interior,50.92965,-121.17047,123,384,14,173,8,Arrowstone Hills (A1),Pollock 2018
Arrowstone Hills,Arrowstone Hills,Interior,50.92965,-121.17047,126,380,11,178,9,Arrowstone Hills (A1),Pollock 2018
Arrowstone Hills,Arrowstone Hills,Interior,50.92965,-121.17047,124,393,12,177,8,Arrowstone Hills (A1),Pollock 2018
Arrowstone Hills,Arrowstone Hills,Interior,50.92965,-121.17047,129,409,11,179,8,Arrowstone Hills (A1),Pollock 2018
Arrowstone Hills,Arrowstone Hills,Interior,50.92965,-121.17047,130,410,11,175,8,Arrowstone Hills (A1),Pollock 2018
Arrowstone Hills,Arrowstone Hills,Interior,50.92965,-121.17047,125,403,14,172,8,Arrowstone Hills (A1),Pollock 2018
Arrowstone Hills,Arrowstone Hills,Interior,50.92965,-121.17047,125,437,13,173,10,Arrowstone Hills (A1),Pollock 2018
Arrowstone Hills,Arrowstone Hills,Interior,50.92965,-121.17047,131,420,10,171,8,Arrowstone Hills (A1),Pollock 2018
Arrowstone Hills,Arrowstone Hills,Interior,50.92965,-121.17047,119,398,12,176,6,Arrowstone Hills (A1),Pollock 2018
Arrowstone Hills,Arrowstone Hills,Interior,50.92965,-121.17047,135,431,8,174,9,Arrowstone Hills (A1),Pollock 2018
Arrowstone Hills,Arrowstone Hills,Interior,50.92965,-121.17047,118,491,13,191,7,Arrowstone Hills,Pollock 2018
Arrowstone Hills,Arrowstone Hills,Interior,50.92965,-121.17047,120,512,12,204,9,Arrowstone Hills,Pollock 2018
Arrowstone Hills,Arrowstone Hills,Interior,50.92965,-121.17047,122,495,13,207,7,Arrowstone Hills,Pollock 2018
Arrowstone Hills,Arrowstone Hills,Interior,50.92965,-121.17047,127,560,10,204,6,Arrowstone Hills,Pollock 2018
Arrowstone Hills,Arrowstone Hills,Interior,50.92965,-121.17047,130,553,11,210,8,Arrowstone Hills,Pollock 2018
Arrowstone Hills,Arrowstone Hills,Interior,50.92965,-121.17047,113,468,7,182,5,Arrowstone Hills,Pollock 2018
Arrowstone Hills,Arrowstone Hills,Interior,50.92965,-121.17047,134,543,10,204,6,Arrowstone Hills,Pollock 2018
Arrowstone Hills,Arrowstone Hills,Interior,50.92965,-121.17047,138,487,16,233,9,Arrowstone Hills,Pollock 2018
Arrowstone Hills,Arrowstone Hills,Interior,50.92965,-121.17047,121,497,10,195,7,Arrowstone Hills,Pollock 2018
Arrowstone Hills,Arrowstone Hills,Interior,50.92965,-121.17047,127,530,15,202,9,Arrowstone Hills,Pollock 2018
Arrowstone Hills,Arrowstone Hills,Interior,50.92965,-121.17047,118,533,11,199,7,Arrowstone Hills,Pollock 2018
Arrowstone Hills,Arrowstone Hills,Interior,50.92965,-121.17047,129,535,11,198,7,Arrowstone Hills,Pollock 2018
Arrowstone Hills,Arrowstone Hills,Interior,50.92965,-121.17047,122,515,10,208,9,Arrowstone Hills,Pollock 2018
Arrowstone Hills,Arrowstone Hills,Interior,50.92965,-121.17047,111,477,10,186,7,Arrowstone Hills,Pollock 2018
Arrowstone Hills,Arrowstone Hills,Interior,50.92965,-121.17047,120,512,13,205,6,Arrowstone Hills,Pollock 2018
Arrowstone Hills,Arrowstone Hills,Interior,50.92965,-121.17047,126,494,11,188,9,Arrowstone Hills,Pollock 2018
Arrowstone Hills,Arrowstone Hills,Interior,50.92965,-121.17047,118,576,11,199,8,Arrowstone Hills,Pollock 2018
Arrowstone Hills,Arrowstone Hills,Interior,50.92965,-121.17047,126,538,11,204,9,Arrowstone Hills,Pollock 2018
Arrowstone Hills,Arrowstone Hills,Interior,50.92965,-121.17047,131,451,17,224,9,Arrowstone Hills,Pollock 2018
Arrowstone Hills,Arrowstone Hills,Interior,50.92965,-121.17047,133,542,11,214,6,Arrowstone Hills,Pollock 2018
Arrowstone Hills,Arrowstone Hills,Interior,50.92965,-121.17047,136,450,13,220,9,Arrowstone Hills,Pollock 2018
Arrowstone Hills,Arrowstone Hills,Interior,50.92965,-121.17047,134,442,12,215,9,Arrowstone Hills,Pollock 2018
Arrowstone Hills,Arrowstone Hills,Interior,50.92965,-121.17047,140,563,13,213,9,Arrowstone Hills,Pollock 2018
Arrowstone Hills,Arrowstone Hills,Interior,50.92965,-121.17047,138,528,13,213,7,Arrowstone Hills,Pollock 2018
Arrowstone Hills,Arrowstone Hills,Interior,50.92965,-121.17047,137,535,11,218,8,Arrowstone Hills,Pollock 2018
Arrowstone Hills,Arrowstone Hills,Interior,50.92965,-121.17047,129,525,12,214,7,Arrowstone Hills,Pollock 2018
Arrowstone Hills,Arrowstone Hills,Interior,50.92965,-121.17047,123,536,11,199,7,Arrowstone Hills,Pollock 2018
Arrowstone Hills,Arrowstone Hills,Interior,50.92965,-121.17047,86,385,9,144,5,Arrowstone Hills,Pollock 2018
Arrowstone Hills,Arrowstone Hills,Interior,50.92965,-121.17047,83,377,9,146,4,Arrowstone Hills,Pollock 2018
Arrowstone Hills,Arrowstone Hills,Interior,50.92965,-121.17047,103,431,8,167,7,Arrowstone Hills,Pollock 2018
Arrowstone Hills,Arrowstone Hills,Interior,50.92965,-121.17047,83,364,10,154,5,Arrowstone Hills,Pollock 2018
Arrowstone Hills,Arrowstone Hills,Interior,50.92965,-121.17047,75,354,8,135,5,Arrowstone Hills,Pollock 2018
Arrowstone Hills,Arrowstone Hills,Interior,50.92965,-121.17047,96,388,9,161,5,Arrowstone Hills,Pollock 2018
Arrowstone Hills,Arrowstone Hills,Interior,50.92965,-121.17047,102,429,10,162,5,Arrowstone Hills,Pollock 2018
Arrowstone Hills,Arrowstone Hills,Interior,50.92965,-121.17047,54,437,10,126,6,Arrowstone Hills,Pollock 2018
Cache Creek,Cache Creek,Interior,50.81108,-121.33047,85.51674,384.7323,9.20207,144.468,4.799886,SFU Cache Creek 1,Pollock 2018
Cache Creek,Cache Creek,Interior,50.81108,-121.33047,74.69929,353.8721,7.788941,134.8399,4.777318,SFU Cache Creek 10,Pollock 2018
Cache Creek,Cache Creek,Interior,50.81108,-121.33047,96.21557,387.7117,9.036447,160.8583,4.725873,SFU Cache Creek 11,Pollock 2018
Cache Creek,Cache Creek,Interior,50.81108,-121.33047,96.21557,387.7117,9.036447,160.8583,4.725873,SFU Cache Creek 12,Pollock 2018
Cache Creek,Cache Creek,Interior,50.81108,-121.33047,101.9314,427.1435,9.492702,162.0477,5.437684,SFU Cache Creek 13,Pollock 2018
Cache Creek,Cache Creek,Interior,50.81108,-121.33047,101.9314,427.1435,9.492702,162.0477,5.437684,SFU Cache Creek 14,Pollock 2018
Cache Creek,Cache Creek,Interior,50.81108,-121.33047,53.88261,437.317,10.18068,125.9346,5.882053,SFU Cache Creek 15,Pollock 2018
Cache Creek,Cache Creek,Interior,50.81108,-121.33047,53.88261,437.317,10.18068,125.9346,5.882053,SFU Cache Creek 16,Pollock 2018
Cache Creek,Cache Creek,Interior,50.81108,-121.33047,88.94557,374.831,9.272608,146.8604,4.615253,SFU Cache Creek 17,Pollock 2018
Cache Creek,Cache Creek,Interior,50.81108,-121.33047,84.64626,377.11,9.807552,147.246,5.443149,SFU Cache Creek 18,Pollock 2018
Cache Creek,Cache Creek,Interior,50.81108,-121.33047,114.971,486.5245,9.327238,188.7186,7.063739,SFU Cache Creek 19,Pollock 2018
Cache Creek,Cache Creek,Interior,50.81108,-121.33047,85.51674,384.7323,9.20207,144.468,4.799886,SFU Cache Creek 2,Pollock 2018
Cache Creek,Cache Creek,Interior,50.81108,-121.33047,101.8062,437.4051,9.67305,161.1824,5.09372,SFU Cache Creek 20,Pollock 2018
Cache Creek,Cache Creek,Interior,50.81108,-121.33047,79.48263,341.8477,9.4934,137.3021,6.238376,SFU Cache Creek 21,Pollock 2018
Cache Creek,Cache Creek,Interior,50.81108,-121.33047,98.04944,412.6452,8.483426,157.2494,4.972251,SFU Cache Creek 22,Pollock 2018
Cache Creek,Cache Creek,Interior,50.81108,-121.33047,67.89285,317.7553,10.07769,123.0974,6.3768,SFU Cache Creek 23,Pollock 2018
Cache Creek,Cache Creek,Interior,50.81108,-121.33047,71.93359,380.7824,9.297804,131.6369,5.541002,SFU Cache Creek 24,Pollock 2018
Cache Creek,Cache Creek,Interior,50.81108,-121.33047,66.33953,571.1044,10.45966,152.9126,6.83367,SFU Cache Creek 25,Pollock 2018
Cache Creek,Cache Creek,Interior,50.81108,-121.33047,82.87368,377.0586,9.113989,146.4857,4.12727,SFU Cache Creek 3,Pollock 2018
Cache Creek,Cache Creek,Interior,50.81108,-121.33047,82.87368,377.0586,9.113989,146.4857,4.12727,SFU Cache Creek 4,Pollock 2018
Cache Creek,Cache Creek,Interior,50.81108,-121.33047,102.8312,430.3272,7.574137,167.129,7.102313,SFU Cache Creek 5,Pollock 2018
Cache Creek,Cache Creek,Interior,50.81108,-121.33047,102.8312,430.3272,7.574137,167.129,7.102313,SFU Cache Creek 6,Pollock 2018
Cache Creek,Cache Creek,Interior,50.81108,-121.33047,83.15716,364.2034,10.3881,154.1565,5.107782,SFU Cache Creek 7,Pollock 2018
Cache Creek,Cache Creek,Interior,50.81108,-121.33047,83.15716,364.2034,10.3881,154.1565,5.107782,SFU Cache Creek 8,Pollock 2018
Cache Creek,Cache Creek,Interior,50.81108,-121.33047,74.69929,353.8721,7.788941,134.8399,4.777318,SFU Cache Creek 9,Pollock 2018
Hat Creek,Hat Creek,Interior,50.88615,-121.40868,79,622,9,156,7,uphatcreek-1,GeoArchaeo
Hat Creek,Hat Creek,Interior,50.88615,-121.40868,80,622,7,155,6,uphatcreek-1,GeoArchaeo
Hat Creek,Hat Creek,Interior,50.88615,-121.40868,81,635,7,160,5,uphatcreek-1,GeoArchaeo
Hat Creek,Hat Creek,Interior,50.88615,-121.40868,82,644,6,163,7,uphatcreek-2,GeoArchaeo
Hat Creek,Hat Creek,Interior,50.88615,-121.40868,81,629,6,160,7,uphatcreek-2,GeoArchaeo
Hat Creek,Hat Creek,Interior,50.88615,-121.40868,84,658,7,163,8,uphatcreek-2,GeoArchaeo
Maiden Creek,Maiden Creek,Interior,51.01479,-121.62859,89,549,7,158,8,geol-maidcr,GeoArchaeo
Maiden Creek,Maiden Creek,Interior,51.01479,-121.62859,84,531,7,150,5,geol-maidcr,GeoArchaeo
Maiden Creek,Maiden Creek,Interior,51.01479,-121.62859,86,530,6,154,6,geol-maidcr,GeoArchaeo
Maiden Creek,Maiden Creek,Interior,51.01479,-121.62859,93,568,9,166,4,Maiden Creek  FGV NWORL,Pollock 2018
Maiden Creek,Maiden Creek,Interior,51.01479,-121.62859,142,460,13,196,8,Maiden Creek  FGV NWORL,Pollock 2018
Maiden Creek,Maiden Creek,Interior,51.01479,-121.62859,88,655,9,162,8,Maiden Creek  FGV NWORL,Pollock 2018
Maiden Creek,Maiden Creek,Interior,51.01479,-121.62859,93,642,8,170,4,Maiden Creek  FGV NWORL,Pollock 2018
Maiden Creek,Maiden Creek,Interior,51.01479,-121.62859,91,533,5,155,4,Maiden Creek  FGV NWORL,Pollock 2018
Maiden Creek,Maiden Creek,Interior,51.01479,-121.62859,92,644,9,162,5,Maiden Creek  FGV NWORL,Pollock 2018
Maiden Creek,Maiden Creek,Interior,51.01479,-121.62859,97,527,7,161,3,Maiden Creek  FGV NWORL,Pollock 2018
Maiden Creek,Maiden Creek,Interior,51.01479,-121.62859,81,588,11,158,4,Maiden Creek  FGV NWORL,Pollock 2018
Maiden Creek,Maiden Creek,Interior,51.01479,-121.62859,108,556,15,172,10,Maiden Creek  FGV NWORL,Pollock 2018
Maiden Creek,Maiden Creek,Interior,51.01479,-121.62859,102,566,15,173,6,Maiden Creek  FGV NWORL,Pollock 2018
Maiden Creek,Maiden Creek,Interior,51.01479,-121.62859,97,574,7,161,3,Maiden Creek  FGV NWORL,Pollock 2018
Maiden Creek,Maiden Creek,Interior,51.01479,-121.62859,101,599,10,173,3,Maiden Creek  FGV NWORL,Pollock 2018
Maiden Creek,Maiden Creek,Interior,51.01479,-121.62859,91,554,5,160,2,Maiden Creek  FGV NWORL,Pollock 2018
Maiden Creek,Maiden Creek,Interior,51.01479,-121.62859,105,594,12,160,8,Maiden Creek  FGV NWORL,Pollock 2018
Maiden Creek,Maiden Creek,Interior,51.01479,-121.62859,97,577,16,161,6,Maiden Creek  FGV NWORL,Pollock 2018
Maiden Creek,Maiden Creek,Interior,51.01479,-121.62859,89,545,7,155,5,Maiden Creek  FGV NWORL,Pollock 2018
Maiden Creek,Maiden Creek,Interior,51.01479,-121.62859,103,577,12,159,4,Maiden Creek  FGV NWORL,Pollock 2018
Maiden Creek,Maiden Creek,Interior,51.01479,-121.62859,102,570,12,158,9,Maiden Creek  FGV NWORL,Pollock 2018
Maiden Creek,Maiden Creek,Interior,51.01479,-121.62859,108,556,15,172,10,Maiden Creek (M1),Pollock 2018
Maiden Creek,Maiden Creek,Interior,51.01479,-121.62859,102,566,15,173,6,Maiden Creek (M1),Pollock 2018
Maiden Creek,Maiden Creek,Interior,51.01479,-121.62859,97,574,7,161,3,Maiden Creek (M1),Pollock 2018
Maiden Creek,Maiden Creek,Interior,51.01479,-121.62859,101,599,10,173,3,Maiden Creek (M1),Pollock 2018
Maiden Creek,Maiden Creek,Interior,51.01479,-121.62859,91,554,5,160,2,Maiden Creek (M1),Pollock 2018
Maiden Creek,Maiden Creek,Interior,51.01479,-121.62859,105,594,12,160,8,Maiden Creek (M1),Pollock 2018
Maiden Creek,Maiden Creek,Interior,51.01479,-121.62859,97,577,16,161,6,Maiden Creek (M1),Pollock 2018
Maiden Creek,Maiden Creek,Interior,51.01479,-121.62859,89,545,7,155,5,Maiden Creek (M1),Pollock 2018
Maiden Creek,Maiden Creek,Interior,51.01479,-121.62859,103,577,12,159,4,Maiden Creek (M1),Pollock 2018
Maiden Creek,Maiden Creek,Interior,51.01479,-121.62859,102,570,12,158,9,Maiden Creek (M1),Pollock 2018
Turbid Creek,Turbid Creek,Turbid Creek,50.09492,-123.27303,30,3241,13,186,5,Turbid Creek,Pollock 2018
Turbid Creek,Turbid Creek,Turbid Creek,50.09492,-123.27303,25,3281,12,182,4,Turbid Creek,Pollock 2018
Turbid Creek,Turbid Creek,Turbid Creek,50.09492,-123.27303,27,3084,15,186,5,Turbid Creek,Pollock 2018
Turbid Creek,Turbid Creek,Turbid Creek,50.09492,-123.27303,29,3136,12,193,4,Turbid Creek,Pollock 2018
Turbid Creek,Turbid Creek,Turbid Creek,50.09492,-123.27303,27,2994,14,190,3,Turbid Creek,Pollock 2018
Turbid Creek,Turbid Creek,Turbid Creek,50.09492,-123.27303,26,3102,12,180,5,Turbid Creek,Pollock 2018
Turbid Creek,Turbid Creek,Turbid Creek,50.09492,-123.27303,30,3128,13,193,4,Turbid Creek,Pollock 2018
Turbid Creek,Turbid Creek,Turbid Creek,50.09492,-123.27303,27,3866,13,191,4,Turbid Creek,Pollock 2018
Turbid Creek,Turbid Creek,Turbid Creek,50.09492,-123.27303,26,3750,13,198,4,Turbid Creek,Pollock 2018
Turbid Creek,Turbid Creek,Turbid Creek,50.09492,-123.27303,24,3583,13,188,2,Turbid Creek,Pollock 2018
Turbid Creek,Turbid Creek,Turbid Creek,50.09492,-123.27303,30,3402,14,200,3,Turbid Creek,Pollock 2018
Turbid Creek,Turbid Creek,Turbid Creek,50.09492,-123.27303,22,3966,13,196,4,Turbid Creek,Pollock 2018
Turbid Creek,Turbid Creek,Turbid Creek,50.09492,-123.27303,25,3658,14,195,3,Turbid Creek,Pollock 2018
Turbid Creek,Turbid Creek,Turbid Creek,50.09492,-123.27303,29,2548,13,180,7,Turbid Creek,Pollock 2018
Turbid Creek,Turbid Creek,Turbid Creek,50.09492,-123.27303,28,2617,16,178,6,Turbid Creek,Pollock 2018
Turbid Creek,Turbid Creek,Turbid Creek,50.09492,-123.27303,29,3251,15,195,3,Turbid Creek,Pollock 2018
Turbid Creek,Turbid Creek,Turbid Creek,50.09492,-123.27303,27,3154,14,186,3,Turbid Creek,Pollock 2018
Turbid Creek,Turbid Creek,Turbid Creek,50.09492,-123.27303,28,2959,14,177,5,Turbid Creek,Pollock 2018
Turbid Creek,Turbid Creek,Turbid Creek,50.09492,-123.27303,28,3173,13,181,3,Turbid Creek,Pollock 2018
Turbid Creek,Turbid Creek,Turbid Creek,50.09492,-123.27303,27,3299,13,192,3,Turbid Creek,Pollock 2018
Turbid Creek,Turbid Creek,Turbid Creek,50.09492,-123.27303,30,3147,14,179,3,Turbid Creek,Pollock 2018
Turbid Creek,Turbid Creek,Turbid Creek,50.09492,-123.27303,25,3314,16,190,3,Turbid Creek,Pollock 2018
Turbid Creek,Turbid Creek,Turbid Creek,50.09492,-123.27303,23,2815,10,175,3,Turbid Creek,Pollock 2018
Turbid Creek,Turbid Creek,Turbid Creek,50.09492,-123.27303,27,3185,13,179,3,Turbid Creek,Pollock 2018
Turbid Creek,Turbid Creek,Turbid Creek,50.09492,-123.27303,25,3281,12,182,4,Turbid Creek,Pollock 2018
Watts Point,Watts Point,Watts Point,49.62188,-123.20096,25,736,15,140,6,TA-NHW-Watts-WP1,GeoArchaeo
Watts Point,Watts Point,Watts Point,49.62188,-123.20096,24,744,15,139,0,TA-NHW-Watts-WP1,GeoArchaeo
Watts Point,Watts Point,Watts Point,49.62188,-123.20096,25,751,13,144,5,TA-NHW-Watts-WP1,GeoArchaeo
Watts Point,Watts Point,Watts Point,49.62188,-123.20096,25,748,14,140,4,TA-NHW-Watts-WP1,GeoArchaeo
Watts Point,Watts Point,Watts Point,49.62188,-123.20096,26,743,16,141,5,TA-NHW-Watts-WP1,GeoArchaeo
Watts Point,Watts Point,Watts Point,49.62188,-123.20096,24,750,14,143,4,TA-NHW-Watts-WP1,GeoArchaeo
Watts Point,Watts Point,Watts Point,49.62188,-123.20096,24,717,14,136,6,TA-NHW-Watts-WP2,GeoArchaeo
Watts Point,Watts Point,Watts Point,49.62188,-123.20096,22,716,13,138,5,TA-NHW-Watts-WP2,GeoArchaeo
Watts Point,Watts Point,Watts Point,49.62188,-123.20096,24,729,16,138,6,TA-NHW-Watts-WP2,GeoArchaeo
Watts Point,Watts Point,Watts Point,49.62188,-123.20096,23,719,15,140,7,TA-NHW-Watts-WP2,GeoArchaeo
Watts Point,Watts Point,Watts Point,49.62188,-123.20096,24,717,14,142,7,TA-NHW-Watts-WP2,GeoArchaeo
Watts Point,Watts Point,Watts Point,49.62188,-123.20096,23,722,15,140,7,TA-NHW-Watts-WP2,GeoArchaeo
Watts Point,Watts Point,Watts Point,49.62188,-123.20096,24,738,13,140,0,TA-NHW-Watts-WP3,GeoArchaeo
Watts Point,Watts Point,Watts Point,49.62188,-123.20096,25,732,13,140,0,TA-NHW-Watts-WP3,GeoArchaeo
Watts Point,Watts Point,Watts Point,49.62188,-123.20096,25,731,13,138,4,TA-NHW-Watts-WP3,GeoArchaeo
Watts Point,Watts Point,Watts Point,49.62188,-123.20096,25,735,14,136,0,TA-NHW-Watts-WP3,GeoArchaeo
Watts Point,Watts Point,Watts Point,49.62188,-123.20096,24,735,13,137,0,TA-NHW-Watts-WP3,GeoArchaeo
Watts Point,Watts Point,Watts Point,49.62188,-123.20096,24,726,13,138,0,TA-NHW-Watts-WP3,GeoArchaeo
Watts Point,Watts Point,Watts Point,49.62188,-123.20096,26,745,13,141,9,TA-NHW-Watts-WP4,GeoArchaeo
Watts Point,Watts Point,Watts Point,49.62188,-123.20096,24,730,14,140,4,TA-NHW-Watts-WP4,GeoArchaeo
Watts Point,Watts Point,Watts Point,49.62188,-123.20096,26,736,11,143,8,TA-NHW-Watts-WP4,GeoArchaeo
Watts Point,Watts Point,Watts Point,49.62188,-123.20096,25,735,15,143,6,TA-NHW-Watts-WP4,GeoArchaeo
Watts Point,Watts Point,Watts Point,49.62188,-123.20096,25,740,15,144,6,TA-NHW-Watts-WP4,GeoArchaeo
Watts Point,Watts Point,Watts Point,49.62188,-123.20096,25,741,15,142,6,TA-NHW-Watts-WP4,GeoArchaeo
Watts Point,Watts Point,Watts Point,49.62188,-123.20096,25,742,14,142,4,TA-NHW-Watts-WP4,GeoArchaeo
Watts Point,Watts Point,Watts Point,49.62188,-123.20096,25,752,15,141,0,TA-NHW-Watts-WP5,GeoArchaeo
Watts Point,Watts Point,Watts Point,49.62188,-123.20096,25,744,12,141,5,TA-NHW-Watts-WP5,GeoArchaeo
Watts Point,Watts Point,Watts Point,49.62188,-123.20096,25,750,14,140,6,TA-NHW-Watts-WP5,GeoArchaeo
Watts Point,Watts Point,Watts Point,49.62188,-123.20096,25,755,15,141,5,TA-NHW-Watts-WP5,GeoArchaeo
Watts Point,Watts Point,Watts Point,49.62188,-123.20096,26,762,14,142,4,TA-NHW-Watts-WP5,GeoArchaeo
Watts Point,Watts Point,Watts Point,49.62188,-123.20096,25,752,14,144,5,TA-NHW-Watts-WP5,GeoArchaeo
Watts Point,Watts Point,Watts Point,49.62188,-123.20096,25,740,13,140,6,TA-NHW-Watts-WP6,GeoArchaeo
Watts Point,Watts Point,Watts Point,49.62188,-123.20096,23,740,12,141,4,TA-NHW-Watts-WP6,GeoArchaeo
Watts Point,Watts Point,Watts Point,49.62188,-123.20096,24,743,15,138,4,TA-NHW-Watts-WP6,GeoArchaeo
Watts Point,Watts Point,Watts Point,49.62188,-123.20096,23,735,14,138,4,TA-NHW-Watts-WP6,GeoArchaeo
Watts Point,Watts Point,Watts Point,49.62188,-123.20096,24,737,15,140,6,TA-NHW-Watts-WP6,GeoArchaeo
Watts Point,Watts Point,Watts Point,49.62188,-123.20096,23,737,13,139,4,TA-NHW-Watts-WP6,GeoArchaeo
Watts Point,Watts Point,Watts Point,49.62188,-123.20096,25,766,14,145,7,TA-NHW-Watts-WP7,GeoArchaeo
Watts Point,Watts Point,Watts Point,49.62188,-123.20096,26,766,14,147,7,TA-NHW-Watts-WP7,GeoArchaeo
Watts Point,Watts Point,Watts Point,49.62188,-123.20096,24,769,14,145,7,TA-NHW-Watts-WP7,GeoArchaeo
Watts Point,Watts Point,Watts Point,49.62188,-123.20096,25,765,14,143,6,TA-NHW-Watts-WP7,GeoArchaeo
Watts Point,Watts Point,Watts Point,49.62188,-123.20096,26,760,14,147,5,TA-NHW-Watts-WP7,GeoArchaeo
Watts Point,Watts Point,Watts Point,49.62188,-123.20096,26,768,15,146,6,TA-NHW-Watts-WP7,GeoArchaeo
Watts Point,Watts Point,Watts Point,49.62188,-123.20096,25,764,17,144,5,TA-NHW-Watts-WP7,GeoArchaeo
Watts Point,Watts Point,Watts Point,49.62188,-123.20096,25,754,14,145,8,TA-NHW-Watts-WP8,GeoArchaeo
Watts Point,Watts Point,Watts Point,49.62188,-123.20096,24,746,15,142,7,TA-NHW-Watts-WP8,GeoArchaeo
Watts Point,Watts Point,Watts Point,49.62188,-123.20096,25,750,14,142,9,TA-NHW-Watts-WP8,GeoArchaeo
Watts Point,Watts Point,Watts Point,49.62188,-123.20096,26,741,14,142,9,TA-NHW-Watts-WP8,GeoArchaeo
Watts Point,Watts Point,Watts Point,49.62188,-123.20096,26,762,14,145,8,TA-NHW-Watts-WP8,GeoArchaeo
Watts Point,Watts Point,Watts Point,49.62188,-123.20096,25,758,15,143,7,TA-NHW-Watts-WP8,GeoArchaeo
Watts Point,Watts Point,Watts Point,49.62188,-123.20096,26,747,13,146,9,TA-NHW-Watts-WP9,GeoArchaeo
Watts Point,Watts Point,Watts Point,49.62188,-123.20096,24,743,14,143,5,TA-NHW-Watts-WP9,GeoArchaeo
Watts Point,Watts Point,Watts Point,49.62188,-123.20096,23,750,15,139,4,TA-NHW-Watts-WP9,GeoArchaeo
Watts Point,Watts Point,Watts Point,49.62188,-123.20096,25,751,16,145,7,TA-NHW-Watts-WP9,GeoArchaeo
Watts Point,Watts Point,Watts Point,49.62188,-123.20096,27,752,14,145,6,TA-NHW-Watts-WP9,GeoArchaeo
Watts Point,Watts Point,Watts Point,49.62188,-123.20096,26,752,14,143,8,TA-NHW-Watts-WP9,GeoArchaeo
Watts Point,Watts Point,Watts Point,49.62188,-123.20096,25,717,14,129,6,geol-watts,GeoArchaeo
Watts Point,Watts Point,Watts Point,49.62188,-123.20096,25,751,16,131,6,geol-watts,GeoArchaeo
Watts Point,Watts Point,Watts Point,49.62188,-123.20096,24,733,12,128,6,geol-watts,GeoArchaeo
Watts Point,Watts Point,Watts Point,49.62188,-123.20096,26,1032,15,154,3,Watts Point,Pollock 2018
Watts Point,Watts Point,Watts Point,49.62188,-123.20096,33,1106,12,157,5,Watts Point,Pollock 2018
Watts Point,Watts Point,Watts Point,49.62188,-123.20096,34,1067,14,151,4,Watts Point,Pollock 2018
Watts Point,Watts Point,Watts Point,49.62188,-123.20096,31,1036,13,153,4,Watts Point,Pollock 2018
Watts Point,Watts Point,Watts Point,49.62188,-123.20096,29,972,13,142,3,Watts Point,Pollock 2018
Watts Point,Watts Point,Watts Point,49.62188,-123.20096,28,1023,12,154,3,Watts Point,Pollock 2018
Watts Point,Watts Point,Watts Point,49.62188,-123.20096,29,1054,13,148,2,Watts Point,Pollock 2018
Watts Point,Watts Point,Watts Point,49.62188,-123.20096,28,1054,10,153,6,Watts Point,Pollock 2018
Watts Point,Watts Point,Watts Point,49.62188,-123.20096,40,1268,20,180,6,Watts Point,Pollock 2018
Watts Point,Watts Point,Watts Point,49.62188,-123.20096,37,1271,16,179,5,Watts Point,Pollock 2018
Watts Point,Watts Point,Watts Point,49.62188,-123.20096,36,1235,16,178,2,Watts Point,Pollock 2018
Watts Point,Watts Point,Watts Point,49.62188,-123.20096,27,1014,14,145,5,Watts Point,Pollock 2018
Watts Point,Watts Point,Watts Point,49.62188,-123.20096,36,1366,15,187,7,Watts Point,Pollock 2018
Watts Point,Watts Point,Watts Point,49.62188,-123.20096,35,1279,17,179,6,Watts Point,Pollock 2018
Watts Point,Watts Point,Watts Point,49.62188,-123.20096,33,1244,16,164,2,Watts Point,Pollock 2018
Watts Point,Watts Point,Watts Point,49.62188,-123.20096,33,1253,14,184,5,Watts Point,Pollock 2018
Watts Point,Watts Point,Watts Point,49.62188,-123.20096,37,1320,14,189,2,Watts Point,Pollock 2018
Watts Point,Watts Point,Watts Point,49.62188,-123.20096,33,1291,17,181,3,Watts Point,Pollock 2018
Watts Point,Watts Point,Watts Point,49.62188,-123.20096,32,1017,13,147,5,Watts Point,Pollock 2018
Watts Point,Watts Point,Watts Point,49.62188,-123.20096,28,1052,14,148,6,Watts Point,Pollock 2018
Watts Point,Watts Point,Watts Point,49.62188,-123.20096,31,1050,13,153,6,Watts Point,Pollock 2018
Watts Point,Watts Point,Watts Point,49.62188,-123.20096,26,941,15,144,1,Watts Point,Pollock 2018
Watts Point,Watts Point,Watts Point,49.62188,-123.20096,27,1056,13,156,6,Watts Point,Pollock 2018
Watts Point,Watts Point,Watts Point,49.62188,-123.20096,24,942,12,138,5,Watts Point,Pollock 2018
Watts Point,Watts Point,Watts Point,49.62188,-123.20096,32,1089,12,166,4,Watts Point,Pollock 2018
Maiden Creek,Maiden Creek,Interior,51.01479,-121.62859,89,556,4,170,4,geo08,Terra Archaeology
Maiden Creek,Maiden Creek,Interior,51.01479,-121.62859,89,556,4,170,4,geo08,Terra Archaeology
Maiden Creek,Maiden Creek,Interior,51.01479,-121.62859,89,559,7,173,8,geo08,Terra Archaeology
Maiden Creek,Maiden Creek,Interior,51.01479,-121.62859,89,559,7,173,8,geo09,Terra Archaeology
Maiden Creek,Maiden Creek,Interior,51.01479,-121.62859,85,547,7,171,9,geo09,Terra Archaeology
Maiden Creek,Maiden Creek,Interior,51.01479,-121.62859,90,554,6,170,7,geo09,Terra Archaeology